Code du département;Libellé du département;;Inscrits;Abstentions;% Abs/Ins;Votants;% Vot/Ins;Blancs;% Blancs/Ins;% Blancs/Vot;Nuls;% Nuls/Ins;% Nuls/Vot;Exprimés;% Exp/Ins;% Exp/Vot;Code Nuance;Voix;% Voix/Ins;% Voix/Exp;Sièges;Parti1;Nbvoix1;%popent1;%popvot1;;Parti2;Nbvoix2;%popent2;%popvot2;;Parti3;Nbvoix3;%popent3;%popvot3;;Parti4;Nbvoix4;%popent4;%popvot4;;Parti5;Nbvoix5;%popent5;%popvot5;;Parti6;Nbvoix6;%popent6;%popvot6;;Parti7;Nbvoix7;%popent7;%popvot7;;Parti8;Nbvoix8;%popent8;%popvot8;;Parti9;Nbvoix9;%popent9;%popvot9;;Parti10;Nbvoix10;%popent10;%popvot10;;Parti11;Nbvoix11;%popent11;%popvot11;;Parti12;Nbvoix12;%popent12;%popvot12;;Parti13;Nbvoix13;%popent13;%popvot13;;Parti14;Nbvoix14;%popent14;%popvot14
01;Ain;;440697;229508;52.08;211189;47.92;2964;0.67;1.4;959;0.22;0.45;207266;47.03;98.14;DXG;1809;0.41;0.87;0;RDG;2215;0.5;1.07;;NUP;46671;10.59;22.52;;DVG;292;0.07;0.14;;ECO;5224;1.19;2.52;;DIV;1565;0.36;0.76;;ENS;39008;8.85;18.82;;DVC;4282;0.97;2.07;;LR;34994;7.94;16.88;;DVD;14026;3.18;6.77;;DSV;2835;0.64;1.37;;REC;10801;2.45;5.21;;RN;43544;9.88;21.01;;;;;;;;;;
02;Aisne;;374297;202419;54.08;171878;45.92;2781;0.74;1.62;1054;0.28;0.61;168043;44.9;97.77;DXG;2744;0.73;1.63;0;NUP;40464;10.81;24.08;;DVG;505;0.13;0.3;;ECO;892;0.24;0.53;;DIV;288;0.08;0.17;;ENS;25540;6.82;15.2;;DVC;6093;1.63;3.63;;LR;25314;6.76;15.06;;DVD;2052;0.55;1.22;;DSV;2435;0.65;1.45;;REC;6077;1.62;3.62;;RN;55639;14.86;33.11;;;;;;;;;;;;;;;
03;Allier;;250510;122922;49.07;127588;50.93;2505;1;1.96;1133;0.45;0.89;123950;49.48;97.15;DXG;1457;0.58;1.18;0;RDG;2584;1.03;2.08;;NUP;30034;11.99;24.23;;DVG;7649;3.05;6.17;;ECO;2539;1.01;2.05;;DIV;4;0;0;;REG;722;0.29;0.58;;ENS;24649;9.84;19.89;;DVC;3037;1.21;2.45;;LR;19538;7.8;15.76;;DVD;936;0.37;0.76;;DSV;1034;0.41;0.83;;REC;5463;2.18;4.41;;RN;24304;9.7;19.61;;;;;
04;Alpes-de-Haute-Provence;;128623;61661;47.94;66962;52.06;1283;1;1.92;512;0.4;0.76;65167;50.67;97.32;DXG;890;0.69;1.37;0;NUP;18684;14.53;28.67;;DVG;1249;0.97;1.92;;ECO;2874;2.23;4.41;;DIV;619;0.48;0.95;;REG;495;0.38;0.76;;ENS;17240;13.4;26.46;;UDI;1288;1;1.98;;DVD;544;0.42;0.83;;DSV;1308;1.02;2.01;;REC;3161;2.46;4.85;;RN;16815;13.07;25.8;;;;;;;;;;;;;;;
05;Hautes-Alpes;;113917;53545;47;60372;53;1015;0.89;1.68;442;0.39;0.73;58915;51.72;97.59;DXG;594;0.52;1.01;0;NUP;16927;14.86;28.73;;DVG;1077;0.95;1.83;;ECO;1758;1.54;2.98;;REG;268;0.24;0.45;;ENS;18432;16.18;31.29;;LR;5352;4.7;9.08;;DSV;960;0.84;1.63;;REC;1999;1.75;3.39;;RN;11548;10.14;19.6;;;;;;;;;;;;;;;;;;;;;;;;;
06;Alpes-Maritimes;;783200;429227;54.8;353973;45.2;4264;0.54;1.2;1963;0.25;0.55;347746;44.4;98.24;DXG;1984;0.25;0.57;0;RDG;1023;0.13;0.29;;NUP;58127;7.42;16.72;;DVG;1496;0.19;0.43;;ECO;17705;2.26;5.09;;DIV;1280;0.16;0.37;;ENS;79660;10.17;22.91;;DVC;2351;0.3;0.68;;LR;78597;10.04;22.6;;DVD;1919;0.25;0.55;;DSV;5494;0.7;1.58;;REC;27281;3.48;7.85;;RN;70829;9.04;20.37;;;;;;;;;;
07;Ardèche;;256780;119660;46.6;137120;53.4;1951;0.76;1.42;789;0.31;0.58;134380;52.33;98;DXG;2091;0.81;1.56;0;NUP;23774;9.26;17.69;;DVG;21041;8.19;15.66;;ECO;1077;0.42;0.8;;REG;1673;0.65;1.24;;ENS;27684;10.78;20.6;;LR;20158;7.85;15;;DVD;4722;1.84;3.51;;DSV;1953;0.76;1.45;;REC;4529;1.76;3.37;;RN;25678;10;19.11;;;;;;;;;;;;;;;;;;;;
08;Ardennes;;186931;101161;54.12;85770;45.88;1059;0.57;1.23;535;0.29;0.62;84176;45.03;98.14;DXG;1174;0.63;1.39;0;NUP;14752;7.89;17.53;;ECO;1331;0.71;1.58;;ENS;12146;6.5;14.43;;DVC;1379;0.74;1.64;;LR;17023;9.11;20.22;;DVD;12332;6.6;14.65;;DSV;918;0.49;1.09;;REC;3043;1.63;3.62;;RN;20078;10.74;23.85;;;;;;;;;;;;;;;;;;;;;;;;;
09;Ariège;;119484;53694;44.94;65790;55.06;1305;1.09;1.98;803;0.67;1.22;63682;53.3;96.8;DXG;664;0.56;1.04;0;NUP;19771;16.55;31.05;;DVG;13587;11.37;21.34;;ECO;800;0.67;1.26;;DIV;928;0.78;1.46;;REG;883;0.74;1.39;;ENS;10474;8.77;16.45;;UDI;783;0.66;1.23;;DSV;472;0.4;0.74;;REC;2405;2.01;3.78;;RN;12915;10.81;20.28;;;;;;;;;;;;;;;;;;;;
10;Aube;;206351;106094;51.41;100257;48.59;1477;0.72;1.47;538;0.26;0.54;98242;47.61;97.99;DXG;1376;0.67;1.4;0;NUP;17152;8.31;17.46;;ECO;1887;0.91;1.92;;DIV;884;0.43;0.9;;ENS;20291;9.83;20.65;;DVC;1114;0.54;1.13;;LR;20025;9.7;20.38;;DSV;1041;0.5;1.06;;REC;4119;2;4.19;;RN;30353;14.71;30.9;;;;;;;;;;;;;;;;;;;;;;;;;
11;Aude;;280882;136061;48.44;144821;51.56;2698;0.96;1.86;1153;0.41;0.8;140970;50.19;97.34;DXG;1647;0.59;1.17;0;RDG;7686;2.74;5.45;;NUP;35371;12.59;25.09;;DVG;452;0.16;0.32;;ECO;5613;2;3.98;;DIV;927;0.33;0.66;;ENS;30926;11.01;21.94;;DVC;87;0.03;0.06;;UDI;1573;0.56;1.12;;LR;6207;2.21;4.4;;DSV;1819;0.65;1.29;;REC;6588;2.35;4.67;;RN;42074;14.98;29.85;;;;;;;;;;
12;Aveyron;;219802;98219;44.69;121583;55.31;2303;1.05;1.89;1216;0.55;1;118064;53.71;97.11;DXG;1054;0.48;0.89;0;RDG;3835;1.74;3.25;;NUP;29949;13.63;25.37;;DVG;18;0.01;0.02;;ECO;2113;0.96;1.79;;ENS;35889;16.33;30.4;;LR;18161;8.26;15.38;;DVD;5614;2.55;4.76;;DSV;1241;0.56;1.05;;REC;3917;1.78;3.32;;RN;16273;7.4;13.78;;;;;;;;;;;;;;;;;;;;
13;Bouches-du-Rhône;;1419768;793451;55.89;626317;44.11;8542;0.6;1.36;3203;0.23;0.51;614572;43.29;98.12;DXG;5953;0.42;0.97;0;NUP;161271;11.36;26.24;;DVG;4019;0.28;0.65;;ECO;27589;1.94;4.49;;DIV;3563;0.25;0.58;;REG;1298;0.09;0.21;;ENS;136364;9.6;22.19;;DVC;4593;0.32;0.75;;UDI;4693;0.33;0.76;;LR;60735;4.28;9.88;;DVD;1846;0.13;0.3;;DSV;8556;0.6;1.39;;REC;41840;2.95;6.81;;RN;152252;10.72;24.77;;;;;
14;Calvados;;514845;250869;48.73;263976;51.27;3782;0.73;1.43;1683;0.33;0.64;258511;50.21;97.93;DXG;4063;0.79;1.57;0;NUP;70728;13.74;27.36;;DVG;4264;0.83;1.65;;ECO;4471;0.87;1.73;;ENS;77282;15.01;29.9;;DVC;1817;0.35;0.7;;LR;31351;6.09;12.13;;DVD;3474;0.67;1.34;;DSV;4676;0.91;1.81;;REC;8481;1.65;3.28;;RN;47904;9.3;18.53;;;;;;;;;;;;;;;;;;;;
15;Cantal;;115979;53581;46.2;62398;53.8;1149;0.99;1.84;505;0.44;0.81;60744;52.37;97.35;DXG;722;0.62;1.19;0;NUP;10638;9.17;17.51;;ECO;7;0.01;0.01;;ENS;12186;10.51;20.06;;LR;23771;20.5;39.13;;DVD;4055;3.5;6.68;;REC;1809;1.56;2.98;;RN;7556;6.51;12.44;;;;;;;;;;;;;;;;;;;;;;;;;;;;;;;;;;;
16;Charente;;258374;128661;49.8;129713;50.2;2341;0.91;1.8;1208;0.47;0.93;126164;48.83;97.26;DXG;1607;0.62;1.27;0;NUP;28247;10.93;22.39;;DVG;15122;5.85;11.99;;ECO;4035;1.56;3.2;;DIV;2603;1.01;2.06;;ENS;33190;12.85;26.31;;DVC;320;0.12;0.25;;LR;8956;3.47;7.1;;DSV;1325;0.51;1.05;;REC;4536;1.76;3.6;;RN;26223;10.15;20.78;;;;;;;;;;;;;;;;;;;;
17;Charente-Maritime;;520951;259522;49.82;261429;50.18;3407;0.65;1.3;1508;0.29;0.58;256514;49.24;98.12;DXG;2968;0.57;1.16;0;RDG;1506;0.29;0.59;;NUP;57488;11.04;22.41;;DVG;24099;4.63;9.39;;ECO;8442;1.62;3.29;;DIV;32;0.01;0.01;;ENS;65001;12.48;25.34;;DVC;3483;0.67;1.36;;LR;26853;5.15;10.47;;DVD;1063;0.2;0.41;;DSV;2741;0.53;1.07;;REC;10040;1.93;3.91;;RN;52798;10.13;20.58;;;;;;;;;;
18;Cher;;224553;114305;50.9;110248;49.1;2305;1.03;2.09;741;0.33;0.67;107202;47.74;97.24;DXG;1825;0.81;1.7;0;NUP;27571;12.28;25.72;;ECO;1388;0.62;1.29;;DIV;584;0.26;0.54;;ENS;31605;14.07;29.48;;LR;11752;5.23;10.96;;DSV;1878;0.84;1.75;;REC;4465;1.99;4.17;;RN;26134;11.64;24.38;;;;;;;;;;;;;;;;;;;;;;;;;;;;;;
19;Corrèze;;185570;81492;43.91;104078;56.09;2160;1.16;2.08;1293;0.7;1.24;100625;54.22;96.68;DXG;1175;0.63;1.17;0;NUP;23510;12.67;23.36;;DVG;8741;4.71;8.69;;ECO;2138;1.15;2.12;;DIV;2304;1.24;2.29;;ENS;20042;10.8;19.92;;DVC;615;0.33;0.61;;LR;22034;11.87;21.9;;DSV;465;0.25;0.46;;REC;3206;1.73;3.19;;RN;16395;8.83;16.29;;;;;;;;;;;;;;;;;;;;
2A;Corse-du-Sud;;114103;63416;55.58;50687;44.42;813;0.71;1.6;571;0.5;1.13;49303;43.21;97.27;DXG;159;0.14;0.32;0;DVG;4667;4.09;9.47;;ECO;928;0.81;1.88;;REG;17022;14.92;34.53;;ENS;7972;6.99;16.17;;DVC;2193;1.92;4.45;;DVD;7084;6.21;14.37;;DSV;548;0.48;1.11;;REC;1940;1.7;3.93;;RN;6790;5.95;13.77;;;;;;;;;;;;;;;;;;;;;;;;;
2B;Haute-Corse;;129450;71529;55.26;57921;44.74;899;0.69;1.55;507;0.39;0.88;56515;43.66;97.57;DXG;327;0.25;0.58;0;DVG;4828;3.73;8.54;;ECO;646;0.5;1.14;;DIV;112;0.09;0.2;;REG;26540;20.5;46.96;;ENS;2944;2.27;5.21;;DVC;3352;2.59;5.93;;DVD;9267;7.16;16.4;;DSV;666;0.51;1.18;;REC;1179;0.91;2.09;;RN;6654;5.14;11.77;;;;;;;;;;;;;;;;;;;;
21;Côte-d'Or;;368500;180191;48.9;188309;51.1;2833;0.77;1.5;903;0.25;0.48;184573;50.09;98.02;DXG;2128;0.58;1.15;0;RDG;2540;0.69;1.38;;NUP;43031;11.68;23.31;;DVG;5607;1.52;3.04;;ECO;3335;0.91;1.81;;ENS;46865;12.72;25.39;;DVC;161;0.04;0.09;;UDI;386;0.1;0.21;;LR;24606;6.68;13.33;;DVD;8512;2.31;4.61;;DSV;1992;0.54;1.08;;REC;8259;2.24;4.47;;RN;37151;10.08;20.13;;;;;;;;;;
22;Côtes-d'Armor;;473117;211389;44.68;261728;55.32;3612;0.76;1.38;1771;0.37;0.68;256345;54.18;97.94;DXG;3492;0.74;1.36;0;NUP;66434;14.04;25.92;;DVG;16385;3.46;6.39;;ECO;6309;1.33;2.46;;DIV;1442;0.3;0.56;;REG;4699;0.99;1.83;;ENS;71651;15.14;27.95;;DVC;3502;0.74;1.37;;LR;27205;5.75;10.61;;DVD;10051;2.12;3.92;;DSV;2127;0.45;0.83;;REC;7085;1.5;2.76;;RN;35963;7.6;14.03;;;;;;;;;;
23;Creuse;;91035;41508;45.6;49527;54.4;1333;1.46;2.69;613;0.67;1.24;47581;52.27;96.07;DXG;630;0.69;1.32;0;NUP;12545;13.78;26.37;;DVG;79;0.09;0.17;;ECO;1061;1.17;2.23;;ENS;12368;13.59;25.99;;DVD;10812;11.88;22.72;;DSV;853;0.94;1.79;;REC;1115;1.22;2.34;;RN;8118;8.92;17.06;;;;;;;;;;;;;;;;;;;;;;;;;;;;;;
24;Dordogne;;319328;143379;44.9;175949;55.1;3177;0.99;1.81;2062;0.65;1.17;170710;53.46;97.02;DXG;1530;0.48;0.9;0;RDG;775;0.24;0.45;;NUP;40783;12.77;23.89;;DVG;21320;6.68;12.49;;ECO;3203;1;1.88;;DIV;481;0.15;0.28;;REG;1254;0.39;0.73;;ENS;27079;8.48;15.86;;DVC;12249;3.84;7.18;;LR;16138;5.05;9.45;;DVD;2121;0.66;1.24;;DSV;1539;0.48;0.9;;REC;6590;2.06;3.86;;RN;35648;11.16;20.88;;;;;
25;Doubs;;370121;189245;51.13;180876;48.87;3010;0.81;1.66;1249;0.34;0.69;176617;47.72;97.65;DXG;2659;0.72;1.51;0;RDG;1442;0.39;0.82;;NUP;43643;11.79;24.71;;ECO;2171;0.59;1.23;;DIV;755;0.2;0.43;;REG;7;0;0;;ENS;45170;12.2;25.58;;DVC;513;0.14;0.29;;LR;30921;8.35;17.51;;DVD;4879;1.32;2.76;;DSV;1858;0.5;1.05;;REC;6521;1.76;3.69;;RN;36078;9.75;20.43;;;;;;;;;;
26;Drôme;;383936;189195;49.28;194741;50.72;2625;0.68;1.35;1056;0.28;0.54;191060;49.76;98.11;DXG;2114;0.55;1.11;0;NUP;57635;15.01;30.17;;DVG;2478;0.65;1.3;;ECO;3060;0.8;1.6;;DIV;12;0;0.01;;ENS;38657;10.07;20.23;;DVC;3694;0.96;1.93;;LR;35122;9.15;18.38;;DSV;3199;0.83;1.67;;REC;8064;2.1;4.22;;RN;37025;9.64;19.38;;;;;;;;;;;;;;;;;;;;
27;Eure;;433711;221449;51.06;212262;48.94;3597;0.83;1.69;1301;0.3;0.61;207364;47.81;97.69;DXG;3005;0.69;1.45;0;RDG;712;0.16;0.34;;NUP;44940;10.36;21.67;;DVG;826;0.19;0.4;;ECO;8821;2.03;4.25;;DIV;566;0.13;0.27;;ENS;53065;12.24;25.59;;LR;13764;3.17;6.64;;DVD;8278;1.91;3.99;;DSV;2210;0.51;1.07;;REC;8359;1.93;4.03;;RN;61964;14.29;29.88;;DXD;854;0.2;0.41;;;;;;;;;;
28;Eure-et-Loir;;304844;159893;52.45;144951;47.55;1907;0.63;1.32;839;0.28;0.58;142205;46.65;98.11;DXG;2817;0.92;1.98;0;NUP;27447;9;19.3;;ECO;5341;1.75;3.76;;DIV;1705;0.56;1.2;;ENS;42664;14;30;;DVC;329;0.11;0.23;;LR;18418;6.04;12.95;;DVD;3706;1.22;2.61;;DSV;1608;0.53;1.13;;REC;5862;1.92;4.12;;RN;32308;10.6;22.72;;;;;;;;;;;;;;;;;;;;
29;Finistère;;712030;334884;47.03;377146;52.97;6365;0.89;1.69;2172;0.31;0.58;368609;51.77;97.74;DXG;4658;0.65;1.26;0;RDG;510;0.07;0.14;;NUP;113235;15.9;30.72;;DVG;4103;0.58;1.11;;ECO;4944;0.69;1.34;;DIV;2388;0.34;0.65;;REG;11772;1.65;3.19;;ENS;119680;16.81;32.47;;DVC;8295;1.16;2.25;;UDI;4971;0.7;1.35;;LR;30297;4.26;8.22;;DVD;2266;0.32;0.61;;DSV;2805;0.39;0.76;;REC;11513;1.62;3.12;;RN;47172;6.63;12.8
30;Gard;;557388;294862;52.9;262526;47.1;3902;0.7;1.49;1517;0.27;0.58;257107;46.13;97.94;DXG;2675;0.48;1.04;0;RDG;1526;0.27;0.59;;NUP;65610;11.77;25.52;;DVG;1109;0.2;0.43;;ECO;8270;1.48;3.22;;DIV;1358;0.24;0.53;;REG;2598;0.47;1.01;;ENS;60667;10.88;23.6;;DVC;1344;0.24;0.52;;UDI;1400;0.25;0.54;;LR;16286;2.92;6.33;;DVD;2579;0.46;1;;DSV;2365;0.42;0.92;;REC;14296;2.56;5.56;;RN;75024;13.46;29.18
31;Haute-Garonne;;937729;436251;46.52;501478;53.48;7098;0.76;1.42;3019;0.32;0.6;491361;52.4;97.98;DXG;3964;0.42;0.81;0;RDG;6448;0.69;1.31;;NUP;153424;16.36;31.22;;DVG;34722;3.7;7.07;;ECO;13903;1.48;2.83;;DIV;2269;0.24;0.46;;REG;4289;0.46;0.87;;ENS;133853;14.27;27.24;;DVC;2013;0.21;0.41;;LR;26476;2.82;5.39;;DVD;7211;0.77;1.47;;DSV;3479;0.37;0.71;;REC;20930;2.23;4.26;;RN;78380;8.36;15.95;;;;;
32;Gers;;147657;64274;43.53;83383;56.47;1799;1.22;2.16;771;0.52;0.92;80813;54.73;96.92;DXG;654;0.44;0.81;0;RDG;4060;2.75;5.02;;NUP;17341;11.74;21.46;;DVG;9815;6.65;12.15;;ECO;1854;1.26;2.29;;DIV;585;0.4;0.72;;REG;847;0.57;1.05;;ENS;20536;13.91;25.41;;LR;4873;3.3;6.03;;DSV;1269;0.86;1.57;;REC;3801;2.57;4.7;;RN;15178;10.28;18.78;;;;;;;;;;;;;;;
33;Gironde;;1165194;574503;49.31;590691;50.69;8970;0.77;1.52;3377;0.29;0.57;578344;49.63;97.91;DXG;6298;0.54;1.09;0;RDG;8477;0.73;1.47;;NUP;173442;14.89;29.99;;DVG;9305;0.8;1.61;;ECO;12993;1.12;2.25;;DIV;4178;0.36;0.72;;ENS;176611;15.16;30.54;;DVC;2150;0.18;0.37;;UDI;1335;0.11;0.23;;LR;26886;2.31;4.65;;DVD;12731;1.09;2.2;;DSV;5090;0.44;0.88;;REC;24731;2.12;4.28;;RN;114117;9.79;19.73;;;;;
34;Hérault;;852551;443478;52.02;409073;47.98;5391;0.63;1.32;2189;0.26;0.54;401493;47.09;98.15;DXG;2184;0.26;0.54;0;RDG;18748;2.2;4.67;;NUP;105721;12.4;26.33;;DVG;16967;1.99;4.23;;ECO;13774;1.62;3.43;;DIV;479;0.06;0.12;;REG;185;0.02;0.05;;ENS;87052;10.21;21.68;;DVC;2445;0.29;0.61;;UDI;2200;0.26;0.55;;LR;10206;1.2;2.54;;DVD;31658;3.71;7.89;;DSV;4185;0.49;1.04;;REC;22454;2.63;5.59;;RN;83235;9.76;20.73
35;Ille-et-Vilaine;;775494;365275;47.1;410219;52.9;6410;0.83;1.56;2597;0.33;0.63;401212;51.74;97.8;DXG;4569;0.59;1.14;0;NUP;132936;17.14;33.13;;DVG;5210;0.67;1.3;;ECO;7320;0.94;1.82;;DIV;2766;0.36;0.69;;REG;7110;0.92;1.77;;ENS;139362;17.97;34.74;;DVC;2898;0.37;0.72;;LR;33446;4.31;8.34;;DSV;4129;0.53;1.03;;REC;11820;1.52;2.95;;RN;49646;6.4;12.37;;;;;;;;;;;;;;;
36;Indre;;166143;82101;49.42;84042;50.58;1702;1.02;2.03;852;0.51;1.01;81488;49.05;96.96;DXG;1578;0.95;1.94;0;NUP;18128;10.91;22.25;;ECO;1182;0.71;1.45;;ENS;18344;11.04;22.51;;LR;18091;10.89;22.2;;DVD;1659;1;2.04;;DSV;601;0.36;0.74;;REC;3137;1.89;3.85;;RN;18768;11.3;23.03;;;;;;;;;;;;;;;;;;;;;;;;;;;;;;
37;Indre-et-Loire;;442196;217038;49.08;225158;50.92;3282;0.74;1.46;1347;0.3;0.6;220529;49.87;97.94;DXG;3444;0.78;1.56;0;NUP;59832;13.53;27.13;;ECO;10294;2.33;4.67;;DIV;457;0.1;0.21;;ENS;63627;14.39;28.85;;DVC;1112;0.25;0.5;;UDI;10448;2.36;4.74;;LR;17906;4.05;8.12;;DVD;2246;0.51;1.02;;DSV;626;0.14;0.28;;REC;9059;2.05;4.11;;RN;41478;9.38;18.81;;;;;;;;;;;;;;;
38;Isère;;889772;449472;50.52;440300;49.48;5691;0.64;1.29;1826;0.21;0.41;432783;48.64;98.29;DXG;4781;0.54;1.1;0;NUP;132151;14.85;30.54;;DVG;6894;0.77;1.59;;ECO;14708;1.65;3.4;;DIV;649;0.07;0.15;;REG;111;0.01;0.03;;ENS;119348;13.41;27.58;;LR;42123;4.73;9.73;;DVD;3391;0.38;0.78;;DSV;5449;0.61;1.26;;REC;18861;2.12;4.36;;RN;84317;9.48;19.48;;;;;;;;;;;;;;;
39;Jura;;191193;92682;48.48;98511;51.52;1618;0.85;1.64;730;0.38;0.74;96163;50.3;97.62;DXG;1307;0.68;1.36;0;NUP;24983;13.07;25.98;;DVG;1589;0.83;1.65;;ENS;22643;11.84;23.55;;DVC;289;0.15;0.3;;LR;19846;10.38;20.64;;DVD;1123;0.59;1.17;;DSV;1117;0.58;1.16;;REC;3074;1.61;3.2;;RN;20192;10.56;21;;;;;;;;;;;;;;;;;;;;;;;;;
40;Landes;;331004;152459;46.06;178545;53.94;3667;1.11;2.05;1363;0.41;0.76;173515;52.42;97.18;DXG;1916;0.58;1.1;0;NUP;53854;16.27;31.04;;DVG;2281;0.69;1.31;;ECO;1566;0.47;0.9;;REG;1692;0.51;0.98;;ENS;53502;16.16;30.83;;DVC;8468;2.56;4.88;;LR;9378;2.83;5.4;;DVD;1242;0.38;0.72;;DSV;1386;0.42;0.8;;REC;6556;1.98;3.78;;RN;31674;9.57;18.25;;;;;;;;;;;;;;;
41;Loir-et-Cher;;244947;119597;48.83;125350;51.17;2140;0.87;1.71;903;0.37;0.72;122307;49.93;97.57;DXG;1650;0.67;1.35;0;RDG;1299;0.53;1.06;;NUP;24720;10.09;20.21;;ECO;569;0.23;0.47;;DIV;1488;0.61;1.22;;ENS;31351;12.8;25.63;;DVC;3345;1.37;2.73;;UDI;9161;3.74;7.49;;LR;9839;4.02;8.04;;DVD;780;0.32;0.64;;DSV;539;0.22;0.44;;REC;8859;3.62;7.24;;RN;28707;11.72;23.47;;;;;;;;;;
42;Loire;;516425;268491;51.99;247934;48.01;3535;0.68;1.43;1136;0.22;0.46;243263;47.11;98.12;DXG;2950;0.57;1.21;0;RDG;3744;0.72;1.54;;NUP;55358;10.72;22.76;;DVG;7120;1.38;2.93;;ECO;5089;0.99;2.09;;DIV;325;0.06;0.13;;ENS;57184;11.07;23.51;;DVC;1234;0.24;0.51;;UDI;1288;0.25;0.53;;LR;46631;9.03;19.17;;DVD;376;0.07;0.15;;DSV;2618;0.51;1.08;;REC;10840;2.1;4.46;;RN;48252;9.34;19.84;;DXD;254;0.05;0.1
43;Haute-Loire;;181100;85495;47.21;95605;52.79;1322;0.73;1.38;622;0.34;0.65;93661;51.72;97.97;DXG;841;0.46;0.9;0;NUP;18099;9.99;19.32;;ECO;3149;1.74;3.36;;DIV;156;0.09;0.17;;REG;368;0.2;0.39;;ENS;12223;6.75;13.05;;LR;42790;23.63;45.69;;DSV;495;0.27;0.53;;REC;2415;1.33;2.58;;RN;13125;7.25;14.01;;;;;;;;;;;;;;;;;;;;;;;;;
44;Loire-Atlantique;;1060931;517480;48.78;543451;51.22;8739;0.82;1.61;2949;0.28;0.54;531763;50.12;97.85;DXG;6442;0.61;1.21;0;NUP;182738;17.22;34.36;;DVG;8808;0.83;1.66;;ECO;11758;1.11;2.21;;DIV;1620;0.15;0.3;;REG;7678;0.72;1.44;;ENS;153407;14.46;28.85;;DVC;18000;1.7;3.38;;UDI;3792;0.36;0.71;;LR;39521;3.73;7.43;;DVD;6375;0.6;1.2;;DSV;6889;0.65;1.3;;REC;19183;1.81;3.61;;RN;65552;6.18;12.33;;;;;
45;Loiret;;459403;233155;50.75;226248;49.25;3439;0.75;1.52;1379;0.3;0.61;221430;48.2;97.87;DXG;2967;0.65;1.34;0;NUP;50863;11.07;22.97;;DVG;2013;0.44;0.91;;ECO;4464;0.97;2.02;;DIV;3064;0.67;1.38;;ENS;59434;12.94;26.84;;UDI;4621;1.01;2.09;;LR;24383;5.31;11.01;;DVD;6819;1.48;3.08;;DSV;1493;0.32;0.67;;REC;8746;1.9;3.95;;RN;52563;11.44;23.74;;;;;;;;;;;;;;;
46;Lot;;139528;56662;40.61;82866;59.39;1200;0.86;1.45;686;0.49;0.83;80980;58.04;97.72;DXG;592;0.42;0.73;0;NUP;18590;13.32;22.96;;DVG;17097;12.25;21.11;;ECO;342;0.25;0.42;;DIV;957;0.69;1.18;;ENS;9103;6.52;11.24;;DVC;692;0.5;0.85;;LR;22471;16.11;27.75;;DVD;228;0.16;0.28;;REC;2329;1.67;2.88;;RN;8579;6.15;10.59;;;;;;;;;;;;;;;;;;;;
47;Lot-et-Garonne;;242111;114611;47.34;127500;52.66;2605;1.08;2.04;1225;0.51;0.96;123670;51.08;97;DXG;1600;0.66;1.29;0;RDG;866;0.36;0.7;;NUP;31066;12.83;25.12;;ECO;2014;0.83;1.63;;REG;321;0.13;0.26;;ENS;31370;12.96;25.37;;DVC;908;0.38;0.73;;LR;10242;4.23;8.28;;DVD;3039;1.26;2.46;;DSV;1051;0.43;0.85;;REC;6504;2.69;5.26;;RN;34412;14.21;27.83;;DXD;277;0.11;0.22;;;;;;;;;;
48;Lozère;;59912;24939;41.63;34973;58.37;655;1.09;1.87;329;0.55;0.94;33989;56.73;97.19;DXG;267;0.45;0.79;0;NUP;8637;14.42;25.41;;ECO;339;0.57;1;;DIV;2875;4.8;8.46;;ENS;5996;10.01;17.64;;UDI;6371;10.63;18.74;;DVD;4663;7.78;13.72;;REC;1137;1.9;3.35;;RN;3704;6.18;10.9;;;;;;;;;;;;;;;;;;;;;;;;;;;;;;
49;Maine-et-Loire;;591473;301938;51.05;289535;48.95;5645;0.95;1.95;2091;0.35;0.72;281799;47.64;97.33;DXG;3821;0.65;1.36;0;RDG;954;0.16;0.34;;NUP;75941;12.84;26.95;;DVG;2748;0.46;0.98;;ECO;4342;0.73;1.54;;DIV;2869;0.49;1.02;;ENS;96986;16.4;34.42;;DVC;7700;1.3;2.73;;UDI;2833;0.48;1.01;;LR;17328;2.93;6.15;;DVD;8278;1.4;2.94;;DSV;4043;0.68;1.43;;REC;10163;1.72;3.61;;RN;43793;7.4;15.54;;;;;
50;Manche;;384761;192319;49.98;192442;50.02;3109;0.81;1.62;1119;0.29;0.58;188214;48.92;97.8;DXG;2068;0.54;1.1;0;NUP;43582;11.33;23.16;;DVG;489;0.13;0.26;;ECO;5332;1.39;2.83;;ENS;59383;15.43;31.55;;DVC;1303;0.34;0.69;;UDI;923;0.24;0.49;;LR;28638;7.44;15.22;;DVD;6092;1.58;3.24;;DSV;1811;0.47;0.96;;REC;5454;1.42;2.9;;RN;33139;8.61;17.61;;;;;;;;;;;;;;;
51;Marne;;382179;207118;54.19;175061;45.81;2340;0.61;1.34;1898;0.5;1.08;170823;44.7;97.58;DXG;2313;0.61;1.35;0;NUP;31885;8.34;18.67;;ECO;5590;1.46;3.27;;DIV;1304;0.34;0.76;;ENS;41522;10.86;24.31;;DVC;4103;1.07;2.4;;LR;15170;3.97;8.88;;DVD;16329;4.27;9.56;;DSV;2335;0.61;1.37;;REC;6836;1.79;4;;RN;43436;11.37;25.43;;;;;;;;;;;;;;;;;;;;
52;Haute-Marne;;129486;65908;50.9;63578;49.1;889;0.69;1.4;387;0.3;0.61;62302;48.11;97.99;DXG;679;0.52;1.09;0;NUP;9060;7;14.54;;DVG;752;0.58;1.21;;DIV;3635;2.81;5.83;;ENS;10463;8.08;16.79;;LR;12343;9.53;19.81;;DVD;2535;1.96;4.07;;DSV;802;0.62;1.29;;REC;1627;1.26;2.61;;RN;20406;15.76;32.75;;;;;;;;;;;;;;;;;;;;;;;;;
53;Mayenne;;225216;115896;51.46;109320;48.54;2157;0.96;1.97;961;0.43;0.88;106202;47.16;97.15;DXG;1434;0.64;1.35;0;NUP;33009;14.66;31.08;;ECO;433;0.19;0.41;;ENS;37621;16.7;35.42;;DVC;7053;3.13;6.64;;LR;5121;2.27;4.82;;DSV;1579;0.7;1.49;;REC;3907;1.73;3.68;;RN;16045;7.12;15.11;;;;;;;;;;;;;;;;;;;;;;;;;;;;;;
54;Meurthe-et-Moselle;;493949;268477;54.35;225472;45.65;3036;0.61;1.35;1132;0.23;0.5;221304;44.8;98.15;DXG;3862;0.78;1.75;0;NUP;52043;10.54;23.52;;DVG;19904;4.03;8.99;;ECO;4765;0.96;2.15;;DIV;820;0.17;0.37;;REG;20;0;0.01;;ENS;50179;10.16;22.67;;DVC;1736;0.35;0.78;;UDI;2753;0.56;1.24;;LR;24353;4.93;11;;DVD;683;0.14;0.31;;DSV;2210;0.45;1;;REC;8279;1.68;3.74;;RN;49697;10.06;22.46;;;;;
55;Meuse;;135131;71211;52.7;63920;47.3;1054;0.78;1.65;402;0.3;0.63;62464;46.22;97.72;DXG;701;0.52;1.12;0;NUP;10590;7.84;16.95;;DVG;1822;1.35;2.92;;ECO;1772;1.31;2.84;;REG;259;0.19;0.41;;ENS;9896;7.32;15.84;;DVC;659;0.49;1.06;;LR;3588;2.66;5.74;;DVD;10826;8.01;17.33;;DSV;792;0.59;1.27;;REC;1953;1.45;3.13;;RN;19606;14.51;31.39;;;;;;;;;;;;;;;
56;Morbihan;;611168;289890;47.43;321278;52.57;4583;0.75;1.43;1801;0.29;0.56;314894;51.52;98.01;DXG;3375;0.55;1.07;0;NUP;76683;12.55;24.35;;DVG;2389;0.39;0.76;;ECO;5465;0.89;1.74;;DIV;437;0.07;0.14;;REG;30738;5.03;9.76;;ENS;90831;14.86;28.84;;DVC;2772;0.45;0.88;;UDI;2052;0.34;0.65;;LR;17855;2.92;5.67;;DVD;16635;2.72;5.28;;DSV;3961;0.65;1.26;;REC;11667;1.91;3.71;;RN;50034;8.19;15.89;;;;;
57;Moselle;;747761;439550;58.78;308211;41.22;4864;0.65;1.58;1545;0.21;0.5;301802;40.36;97.92;DXG;4026;0.54;1.33;0;RDG;1435;0.19;0.48;;NUP;62106;8.31;20.58;;DVG;9280;1.24;3.07;;ECO;3565;0.48;1.18;;DIV;1585;0.21;0.53;;ENS;67609;9.04;22.4;;DVC;7132;0.95;2.36;;LR;44848;6;14.86;;DVD;5128;0.69;1.7;;DSV;5894;0.79;1.95;;REC;12215;1.63;4.05;;RN;76979;10.29;25.51;;;;;;;;;;
58;Nièvre;;154420;76485;49.53;77935;50.47;1670;1.08;2.14;702;0.45;0.9;75563;48.93;96.96;DXG;1703;1.1;2.25;0;NUP;18844;12.2;24.94;;DVG;601;0.39;0.8;;ECO;670;0.43;0.89;;DIV;172;0.11;0.23;;ENS;22269;14.42;29.47;;LR;6214;4.02;8.22;;DSV;1701;1.1;2.25;;REC;2768;1.79;3.66;;RN;20621;13.35;27.29;;;;;;;;;;;;;;;;;;;;;;;;;
59;Nord;;1820180;1009820;55.48;810360;44.52;12015;0.66;1.48;4554;0.25;0.56;793791;43.61;97.96;DXG;11668;0.64;1.47;0;RDG;3279;0.18;0.41;;NUP;209937;11.53;26.45;;DVG;10091;0.55;1.27;;ECO;22533;1.24;2.84;;DIV;5333;0.29;0.67;;ENS;189373;10.4;23.86;;DVC;4862;0.27;0.61;;UDI;19371;1.06;2.44;;LR;57038;3.13;7.19;;DVD;33078;1.82;4.17;;DSV;6356;0.35;0.8;;REC;26008;1.43;3.28;;RN;194864;10.71;24.55;;;;;
60;Oise;;565641;300275;53.09;265366;46.91;3710;0.66;1.4;1448;0.26;0.55;260208;46;98.06;DXG;3314;0.59;1.27;0;RDG;755;0.13;0.29;;NUP;52633;9.31;20.23;;DVG;1196;0.21;0.46;;ECO;7905;1.4;3.04;;ENS;51958;9.19;19.97;;DVC;3303;0.58;1.27;;UDI;3545;0.63;1.36;;LR;44085;7.79;16.94;;DVD;4838;0.86;1.86;;DSV;3466;0.61;1.33;;REC;10550;1.87;4.05;;RN;72452;12.81;27.84;;DXD;208;0.04;0.08;;;;;
61;Orne;;205756;102832;49.98;102924;50.02;1794;0.87;1.74;653;0.32;0.63;100477;48.83;97.62;DXG;1476;0.72;1.47;0;NUP;19856;9.65;19.76;;DVG;719;0.35;0.72;;ECO;1044;0.51;1.04;;DIV;1993;0.97;1.98;;ENS;16921;8.22;16.84;;DVC;2535;1.23;2.52;;LR;30040;14.6;29.9;;DSV;1546;0.75;1.54;;REC;3422;1.66;3.41;;RN;20925;10.17;20.83;;;;;;;;;;;;;;;;;;;;
62;Pas-de-Calais;;1096020;587762;53.63;508258;46.37;8220;0.75;1.62;4409;0.4;0.87;495629;45.22;97.52;DXG;7798;0.71;1.57;0;RDG;5789;0.53;1.17;;NUP;99458;9.07;20.07;;DVG;24385;2.22;4.92;;ECO;12046;1.1;2.43;;DIV;1814;0.17;0.37;;REG;1034;0.09;0.21;;ENS;108614;9.91;21.91;;UDI;7239;0.66;1.46;;LR;36539;3.33;7.37;;DVD;4882;0.45;0.99;;DSV;4193;0.38;0.85;;REC;13140;1.2;2.65;;RN;167840;15.31;33.86;;DXD;858;0.08;0.17
63;Puy-de-Dôme;;469922;227488;48.41;242434;51.59;3928;0.84;1.62;1755;0.37;0.72;236751;50.38;97.66;DXG;2931;0.62;1.24;0;RDG;2045;0.44;0.86;;NUP;88834;18.9;37.52;;DVG;3340;0.71;1.41;;ECO;3562;0.76;1.5;;REG;238;0.05;0.1;;ENS;55033;11.71;23.25;;DVC;2217;0.47;0.94;;LR;30821;6.56;13.02;;DVD;1971;0.42;0.83;;DSV;1567;0.33;0.66;;REC;6611;1.41;2.79;;RN;37581;8;15.87;;;;;;;;;;
64;Pyrénées-Atlantiques;;521933;246604;47.25;275329;52.75;5060;0.97;1.84;1771;0.34;0.64;268498;51.44;97.52;DXG;2851;0.55;1.06;0;NUP;64589;12.37;24.06;;DVG;17939;3.44;6.68;;ECO;9016;1.73;3.36;;DIV;18550;3.55;6.91;;REG;17569;3.37;6.54;;ENS;69257;13.27;25.79;;DVC;3087;0.59;1.15;;LR;12669;2.43;4.72;;DVD;3088;0.59;1.15;;DSV;1639;0.31;0.61;;REC;12259;2.35;4.57;;RN;35985;6.89;13.4;;;;;;;;;;
65;Hautes-Pyrénées;;177792;82967;46.67;94825;53.33;1566;0.88;1.65;753;0.42;0.79;92506;52.03;97.55;DXG;777;0.44;0.84;0;RDG;6555;3.69;7.09;;NUP;22043;12.4;23.83;;DVG;10213;5.74;11.04;;ECO;1941;1.09;2.1;;DIV;3741;2.1;4.04;;REG;465;0.26;0.5;;ENS;21898;12.32;23.67;;LR;5114;2.88;5.53;;DSV;547;0.31;0.59;;REC;3351;1.88;3.62;;RN;15861;8.92;17.15;;;;;;;;;;;;;;;
66;Pyrénées-Orientales;;363338;189229;52.08;174109;47.92;2962;0.82;1.7;1229;0.34;0.71;169918;46.77;97.59;DXG;2086;0.57;1.23;0;NUP;38645;10.64;22.74;;DVG;4727;1.3;2.78;;ECO;1830;0.5;1.08;;DIV;2435;0.67;1.43;;REG;4554;1.25;2.68;;ENS;38353;10.56;22.57;;LR;10736;2.95;6.32;;DVD;616;0.17;0.36;;DSV;2438;0.67;1.43;;REC;9221;2.54;5.43;;RN;54277;14.94;31.94;;;;;;;;;;;;;;;
67;Bas-Rhin;;784371;422354;53.85;362017;46.15;4122;0.53;1.14;1643;0.21;0.45;356252;45.42;98.41;DXG;2392;0.3;0.67;0;RDG;857;0.11;0.24;;NUP;72443;9.24;20.33;;DVG;3649;0.47;1.02;;ECO;12602;1.61;3.54;;DIV;8484;1.08;2.38;;REG;18885;2.41;5.3;;ENS;98888;12.61;27.76;;UDI;13248;1.69;3.72;;LR;34800;4.44;9.77;;DVD;9835;1.25;2.76;;DSV;3415;0.44;0.96;;REC;10606;1.35;2.98;;RN;66148;8.43;18.57;;;;;
68;Haut-Rhin;;533448;299722;56.19;233726;43.81;3401;0.64;1.46;1294;0.24;0.55;229031;42.93;97.99;DXG;1527;0.29;0.67;0;RDG;831;0.16;0.36;;NUP;37028;6.94;16.17;;DVG;320;0.06;0.14;;ECO;12142;2.28;5.3;;DIV;4314;0.81;1.88;;REG;9288;1.74;4.06;;ENS;64892;12.16;28.33;;DVC;3811;0.71;1.66;;LR;34406;6.45;15.02;;DVD;198;0.04;0.09;;DSV;4291;0.8;1.87;;REC;8227;1.54;3.59;;RN;47756;8.95;20.85;;;;;
69;Rhône;;1192473;587872;49.3;604601;50.7;6104;0.51;1.01;2071;0.17;0.34;596426;50.02;98.65;DXG;5131;0.43;0.86;0;RDG;6419;0.54;1.08;;NUP;168857;14.16;28.31;;DVG;5250;0.44;0.88;;ECO;18918;1.59;3.17;;DIV;5996;0.5;1.01;;REG;3892;0.33;0.65;;ENS;176400;14.79;29.58;;DVC;1173;0.1;0.2;;UDI;700;0.06;0.12;;LR;89618;7.52;15.03;;DVD;1190;0.1;0.2;;DSV;6868;0.58;1.15;;REC;34600;2.9;5.8;;RN;71414;5.99;11.97
70;Haute-Saône;;178147;85883;48.21;92264;51.79;1691;0.95;1.83;1118;0.63;1.21;89455;50.21;96.96;DXG;1752;0.98;1.96;0;NUP;17718;9.95;19.81;;ECO;1325;0.74;1.48;;ENS;21508;12.07;24.04;;UDI;4337;2.43;4.85;;LR;8943;5.02;10;;DVD;1110;0.62;1.24;;DSV;897;0.5;1;;REC;3851;2.16;4.3;;RN;28014;15.73;31.32;;;;;;;;;;;;;;;;;;;;;;;;;
71;Saône-et-Loire;;404035;206440;51.09;197595;48.91;3389;0.84;1.72;1468;0.36;0.74;192738;47.7;97.54;DXG;3326;0.82;1.73;0;RDG;2061;0.51;1.07;;NUP;48616;12.03;25.22;;DVG;99;0.02;0.05;;ECO;2110;0.52;1.09;;DIV;493;0.12;0.26;;ENS;49200;12.18;25.53;;LR;29281;7.25;15.19;;DVD;5575;1.38;2.89;;DSV;3077;0.76;1.6;;REC;7320;1.81;3.8;;RN;41580;10.29;21.57;;;;;;;;;;;;;;;
72;Sarthe;;412096;223411;54.21;188685;45.79;4428;1.07;2.35;1163;0.28;0.62;183094;44.43;97.04;DXG;2505;0.61;1.37;0;NUP;44409;10.78;24.25;;DVG;17640;4.28;9.63;;ECO;1792;0.43;0.98;;DIV;1676;0.41;0.92;;ENS;45248;10.98;24.71;;UDI;424;0.1;0.23;;LR;19304;4.68;10.54;;DSV;3267;0.79;1.78;;REC;6232;1.51;3.4;;RN;40597;9.85;22.17;;;;;;;;;;;;;;;;;;;;
73;Savoie;;322213;160458;49.8;161755;50.2;1888;0.59;1.17;764;0.24;0.47;159103;49.38;98.36;DXG;1262;0.39;0.79;0;NUP;39909;12.39;25.08;;ECO;4657;1.45;2.93;;DIV;4146;1.29;2.61;;REG;595;0.18;0.37;;ENS;34571;10.73;21.73;;LR;33180;10.3;20.85;;DVD;2646;0.82;1.66;;DSV;3421;1.06;2.15;;REC;4684;1.45;2.94;;RN;30032;9.32;18.88;;;;;;;;;;;;;;;;;;;;
74;Haute-Savoie;;569509;309366;54.32;260143;45.68;3113;0.55;1.2;1101;0.19;0.42;255929;44.94;98.38;DXG;1656;0.29;0.65;0;NUP;57388;10.08;22.42;;ECO;12382;2.17;4.84;;DIV;1687;0.3;0.66;;REG;6263;1.1;2.45;;ENS;71087;12.48;27.78;;UDI;3838;0.67;1.5;;LR;34931;6.13;13.65;;DVD;11969;2.1;4.68;;DSV;3298;0.58;1.29;;REC;10939;1.92;4.27;;RN;40491;7.11;15.82;;;;;;;;;;;;;;;
75;Paris;;1362500;608029;44.63;754471;55.37;7454;0.55;0.99;2655;0.19;0.35;744362;54.63;98.66;DXG;5714;0.42;0.77;0;RDG;3328;0.24;0.45;;NUP;280578;20.59;37.69;;DVG;19281;1.42;2.59;;ECO;18366;1.35;2.47;;DIV;8774;0.64;1.18;;REG;675;0.05;0.09;;ENS;239231;17.56;32.14;;DVC;3924;0.29;0.53;;UDI;7181;0.53;0.96;;LR;76520;5.62;10.28;;DVD;12260;0.9;1.65;;DSV;1720;0.13;0.23;;REC;38176;2.8;5.13;;RN;28634;2.1;3.85
76;Seine-Maritime;;882707;451694;51.17;431013;48.83;7754;0.88;1.8;2086;0.24;0.48;421173;47.71;97.72;DXG;5721;0.65;1.36;0;NUP;124934;14.15;29.66;;DVG;20784;2.35;4.93;;ECO;9508;1.08;2.26;;DIV;4488;0.51;1.07;;ENS;112483;12.74;26.71;;DVC;3172;0.36;0.75;;UDI;277;0.03;0.07;;LR;15567;1.76;3.7;;DVD;8679;0.98;2.06;;DSV;4222;0.48;1;;REC;14273;1.62;3.39;;RN;97065;11;23.05;;;;;;;;;;
77;Seine-et-Marne;;904849;504653;55.77;400196;44.23;6436;0.71;1.61;1807;0.2;0.45;391953;43.32;97.94;DXG;5301;0.59;1.35;0;RDG;0;0;0;;NUP;111824;12.36;28.53;;DVG;3976;0.44;1.01;;ECO;14364;1.59;3.66;;DIV;1680;0.19;0.43;;REG;524;0.06;0.13;;ENS;88043;9.73;22.46;;DVC;5290;0.58;1.35;;UDI;1256;0.14;0.32;;LR;49304;5.45;12.58;;DVD;538;0.06;0.14;;DSV;6686;0.74;1.71;;REC;17979;1.99;4.59;;RN;85188;9.41;21.73
78;Yvelines;;965213;464597;48.13;500616;51.87;6017;0.62;1.2;2246;0.23;0.45;492353;51.01;98.35;DXG;4647;0.48;0.94;0;NUP;120319;12.47;24.44;;DVG;328;0.03;0.07;;ECO;22547;2.34;4.58;;DIV;5425;0.56;1.1;;ENS;166826;17.28;33.88;;DVC;1268;0.13;0.26;;UDI;6678;0.69;1.36;;LR;55135;5.71;11.2;;DVD;12929;1.34;2.63;;DSV;4896;0.51;0.99;;REC;34035;3.53;6.91;;RN;57320;5.94;11.64;;;;;;;;;;
79;Deux-Sèvres;;274101;137556;50.18;136545;49.82;2446;0.89;1.79;1149;0.42;0.84;132950;48.5;97.37;DXG;1619;0.59;1.22;0;NUP;39226;14.31;29.5;;DVG;3492;1.27;2.63;;ECO;1517;0.55;1.14;;DIV;1316;0.48;0.99;;ENS;39297;14.34;29.56;;DVC;7884;2.88;5.93;;UDI;1704;0.62;1.28;;LR;9174;3.35;6.9;;DSV;748;0.27;0.56;;REC;4087;1.49;3.07;;RN;22886;8.35;17.21;;;;;;;;;;;;;;;
80;Somme;;411078;208557;50.73;202521;49.27;3853;0.94;1.9;1256;0.31;0.62;197412;48.02;97.48;DXG;3138;0.76;1.59;0;NUP;49107;11.95;24.88;;DVG;520;0.13;0.26;;ECO;3407;0.83;1.73;;ENS;44328;10.78;22.45;;DVC;1522;0.37;0.77;;UDI;3217;0.78;1.63;;LR;26549;6.46;13.45;;DVD;3366;0.82;1.71;;DSV;1883;0.46;0.95;;REC;5933;1.44;3.01;;RN;54442;13.24;27.58;;;;;;;;;;;;;;;
81;Tarn;;299152;136596;45.66;162556;54.34;2933;0.98;1.8;1584;0.53;0.97;158039;52.83;97.22;DXG;1340;0.45;0.85;0;RDG;4436;1.48;2.81;;NUP;39237;13.12;24.83;;DVG;6341;2.12;4.01;;ECO;3427;1.15;2.17;;DIV;11;0;0.01;;REG;4017;1.34;2.54;;ENS;37368;12.49;23.64;;LR;10852;3.63;6.87;;DVD;8391;2.8;5.31;;DSV;1495;0.5;0.95;;REC;6083;2.03;3.85;;RN;35041;11.71;22.17;;;;;;;;;;
82;Tarn-et-Garonne;;189336;90551;47.83;98785;52.17;1674;0.88;1.69;834;0.44;0.84;96277;50.85;97.46;DXG;1284;0.68;1.33;0;RDG;9892;5.22;10.27;;NUP;25035;13.22;26;;DVG;3774;1.99;3.92;;DIV;2367;1.25;2.46;;REG;249;0.13;0.26;;ENS;18280;9.65;18.99;;LR;4378;2.31;4.55;;DSV;564;0.3;0.59;;REC;4658;2.46;4.84;;RN;25796;13.62;26.79;;;;;;;;;;;;;;;;;;;;
83;Var;;824799;443202;53.73;381597;46.27;4847;0.59;1.27;1820;0.22;0.48;374930;45.46;98.25;DXG;2351;0.29;0.63;0;NUP;60644;7.35;16.17;;DVG;1185;0.14;0.32;;ECO;17466;2.12;4.66;;DIV;2649;0.32;0.71;;REG;2077;0.25;0.55;;ENS;101482;12.3;27.07;;DVC;675;0.08;0.18;;LR;27106;3.29;7.23;;DVD;793;0.1;0.21;;DSV;4872;0.59;1.3;;REC;41041;4.98;10.95;;RN;111820;13.56;29.82;;DXD;769;0.09;0.21;;;;;
84;Vaucluse;;413261;219380;53.09;193881;46.91;2988;0.72;1.54;1060;0.26;0.55;189833;45.94;97.91;DXG;1894;0.46;1;0;NUP;41676;10.08;21.95;;DVG;705;0.17;0.37;;ECO;8203;1.98;4.32;;DIV;572;0.14;0.3;;REG;1062;0.26;0.56;;ENS;45027;10.9;23.72;;DVC;566;0.14;0.3;;LR;18070;4.37;9.52;;DVD;752;0.18;0.4;;DSV;1537;0.37;0.81;;REC;10032;2.43;5.28;;RN;59737;14.46;31.47;;;;;;;;;;
85;Vendée;;552841;280988;50.83;271853;49.17;4691;0.85;1.73;2152;0.39;0.79;265010;47.94;97.48;DXG;2938;0.53;1.11;0;NUP;53464;9.67;20.17;;DVG;1219;0.22;0.46;;ECO;10761;1.95;4.06;;DIV;73;0.01;0.03;;ENS;80712;14.6;30.46;;DVC;2195;0.4;0.83;;LR;33623;6.08;12.69;;DVD;23553;4.26;8.89;;DSV;4178;0.76;1.58;;REC;5848;1.06;2.21;;RN;46446;8.4;17.53;;;;;;;;;;;;;;;
86;Vienne;;306912;149730;48.79;157182;51.21;3039;0.99;1.93;1306;0.43;0.83;152837;49.8;97.24;DXG;2405;0.78;1.57;0;RDG;1881;0.61;1.23;;NUP;42888;13.97;28.06;;DVG;4410;1.44;2.89;;ECO;3522;1.15;2.3;;DIV;268;0.09;0.18;;REG;5;0;0;;ENS;47198;15.38;30.88;;UDI;5324;1.73;3.48;;LR;2362;0.77;1.55;;DVD;3846;1.25;2.52;;DSV;2322;0.76;1.52;;REC;5891;1.92;3.85;;RN;29331;9.56;19.19;;DXD;1184;0.39;0.77
87;Haute-Vienne;;264506;123341;46.63;141165;53.37;3593;1.36;2.55;2132;0.81;1.51;135440;51.2;95.94;DXG;2521;0.95;1.86;0;NUP;46135;17.44;34.06;;DVG;1551;0.59;1.15;;DIV;867;0.33;0.64;;REG;1136;0.43;0.84;;ENS;28248;10.68;20.86;;DVC;9934;3.76;7.33;;LR;11895;4.5;8.78;;DVD;1537;0.58;1.13;;REC;5371;2.03;3.97;;RN;26245;9.92;19.38;;;;;;;;;;;;;;;;;;;;
88;Vosges;;278548;141138;50.67;137410;49.33;2137;0.77;1.56;864;0.31;0.63;134409;48.25;97.82;DXG;1609;0.58;1.2;0;NUP;23593;8.47;17.55;;DVG;5954;2.14;4.43;;ECO;2194;0.79;1.63;;DIV;181;0.06;0.13;;REG;251;0.09;0.19;;ENS;23922;8.59;17.8;;LR;24328;8.73;18.1;;DVD;15817;5.68;11.77;;DSV;2452;0.88;1.82;;REC;2695;0.97;2.01;;RN;31413;11.28;23.37;;;;;;;;;;;;;;;
89;Yonne;;238946;119762;50.12;119184;49.88;2014;0.84;1.69;702;0.29;0.59;116468;48.74;97.72;DXG;1769;0.74;1.52;0;NUP;25054;10.49;21.51;;DVG;420;0.18;0.36;;ECO;3988;1.67;3.42;;ENS;27025;11.31;23.2;;DVC;1013;0.42;0.87;;LR;13297;5.56;11.42;;DVD;2062;0.86;1.77;;DSV;1832;0.77;1.57;;REC;4961;2.08;4.26;;RN;35047;14.67;30.09;;;;;;;;;;;;;;;;;;;;
90;Territoire de Belfort;;94246;47713;50.63;46533;49.37;847;0.9;1.82;461;0.49;0.99;45225;47.99;97.19;DXG;750;0.8;1.66;0;NUP;10771;11.43;23.82;;ECO;398;0.42;0.88;;ENS;8805;9.34;19.47;;UDI;3669;3.89;8.11;;LR;6196;6.57;13.7;;DVD;2699;2.86;5.97;;DSV;731;0.78;1.62;;REC;1940;2.06;4.29;;RN;9175;9.74;20.29;;DXD;91;0.1;0.2;;;;;;;;;;;;;;;;;;;;
91;Essonne;;804577;420424;52.25;384153;47.75;5539;0.69;1.44;2020;0.25;0.53;376594;46.81;98.03;DXG;4300;0.53;1.14;0;NUP;122455;15.22;32.52;;DVG;4768;0.59;1.27;;ECO;9800;1.22;2.6;;DIV;4398;0.55;1.17;;REG;78;0.01;0.02;;ENS;103333;12.84;27.44;;DVC;1360;0.17;0.36;;UDI;9579;1.19;2.54;;LR;29184;3.63;7.75;;DVD;4918;0.61;1.31;;DSV;15966;1.98;4.24;;REC;14928;1.86;3.96;;RN;51527;6.4;13.68;;;;;
92;Hauts-de-Seine;;1004159;468995;46.71;535164;53.29;9441;0.94;1.76;1681;0.17;0.31;524042;52.19;97.92;DXG;5372;0.53;1.03;0;RDG;2987;0.3;0.57;;NUP;147196;14.66;28.09;;DVG;2783;0.28;0.53;;ECO;18554;1.85;3.54;;DIV;5224;0.52;1;;REG;138;0.01;0.03;;ENS;182596;18.18;34.84;;DVC;6032;0.6;1.15;;UDI;11228;1.12;2.14;;LR;65832;6.56;12.56;;DVD;10306;1.03;1.97;;DSV;2004;0.2;0.38;;REC;29924;2.98;5.71;;RN;33866;3.37;6.46
93;Seine-Saint-Denis;;800507;488852;61.07;311655;38.93;5503;0.69;1.77;1853;0.23;0.59;304299;38.01;97.64;DXG;5245;0.66;1.72;0;RDG;1008;0.13;0.33;;NUP;139909;17.48;45.98;;DVG;18642;2.33;6.13;;ECO;8091;1.01;2.66;;DIV;5213;0.65;1.71;;REG;1132;0.14;0.37;;ENS;50304;6.28;16.53;;DVC;4425;0.55;1.45;;UDI;13871;1.73;4.56;;LR;14914;1.86;4.9;;DVD;425;0.05;0.14;;DSV;979;0.12;0.32;;REC;9681;1.21;3.18;;RN;30460;3.81;10.01
94;Val-de-Marne;;802683;420787;52.42;381896;47.58;5219;0.65;1.37;1962;0.24;0.51;374715;46.68;98.12;DXG;5970;0.74;1.59;0;RDG;804;0.1;0.21;;NUP;138274;17.23;36.9;;DVG;4098;0.51;1.09;;ECO;12593;1.57;3.36;;DIV;3151;0.39;0.84;;REG;435;0.05;0.12;;ENS;98220;12.24;26.21;;DVC;842;0.1;0.22;;UDI;4198;0.52;1.12;;LR;52371;6.52;13.98;;DVD;192;0.02;0.05;;DSV;2139;0.27;0.57;;REC;17208;2.14;4.59;;RN;34220;4.26;9.13
95;Val-d'Oise;;737941;418644;56.73;319297;43.27;4601;0.62;1.44;1506;0.2;0.47;313190;42.44;98.09;DXG;3823;0.52;1.22;0;RDG;857;0.12;0.27;;NUP;97919;13.27;31.27;;DVG;11465;1.55;3.66;;ECO;13893;1.88;4.44;;DIV;1874;0.25;0.6;;REG;290;0.04;0.09;;ENS;79032;10.71;25.23;;DVC;3718;0.5;1.19;;UDI;1499;0.2;0.48;;LR;31369;4.25;10.02;;DSV;3086;0.42;0.99;;REC;14507;1.97;4.63;;RN;48932;6.63;15.62;;DXD;926;0.13;0.3
ZA;Guadeloupe;;316360;236296;74.69;80064;25.31;2244;0.71;2.8;2694;0.85;3.36;75126;23.75;93.83;DXG;1409;0.45;1.88;0;DVG;44079;13.93;58.67;;ECO;2191;0.69;2.92;;DIV;2713;0.86;3.61;;REG;1152;0.36;1.53;;ENS;9385;2.97;12.49;;DVC;3736;1.18;4.97;;UDI;136;0.04;0.18;;LR;634;0.2;0.84;;DVD;224;0.07;0.3;;DSV;241;0.08;0.32;;REC;393;0.12;0.52;;RN;7898;2.5;10.51;;DXD;935;0.3;1.24;;;;;
ZB;Martinique;;304561;238770;78.4;65791;21.6;2125;0.7;3.23;1571;0.52;2.39;62095;20.39;94.38;DXG;984;0.32;1.58;0;DVG;27051;8.88;43.56;;ECO;1043;0.34;1.68;;REG;27798;9.13;44.77;;ENS;783;0.26;1.26;;UDI;1260;0.41;2.03;;LR;88;0.03;0.14;;DVD;595;0.2;0.96;;REC;503;0.17;0.81;;RN;1990;0.65;3.2;;;;;;;;;;;;;;;;;;;;;;;;;
ZC;Guyane;;103470;75808;73.27;27662;26.73;525;0.51;1.9;325;0.31;1.17;26812;25.91;96.93;DVG;7047;6.81;26.28;0;REG;8896;8.6;33.18;;ENS;3754;3.63;14;;DVC;1647;1.59;6.14;;DVD;4077;3.94;15.21;;DSV;149;0.14;0.56;;RN;1242;1.2;4.63;;;;;;;;;;;;;;;;;;;;;;;;;;;;;;;;;;;;;;;;
ZD;La Réunion;;677967;470539;69.4;207428;30.6;7005;1.03;3.38;7259;1.07;3.5;193164;28.49;93.12;DXG;7766;1.15;4.02;0;RDG;228;0.03;0.12;;DVG;80690;11.9;41.77;;ECO;7249;1.07;3.75;;DIV;1239;0.18;0.64;;REG;6744;0.99;3.49;;ENS;9093;1.34;4.71;;DVC;18300;2.7;9.47;;UDI;6839;1.01;3.54;;LR;14578;2.15;7.55;;DVD;16833;2.48;8.71;;DSV;3390;0.5;1.75;;REC;467;0.07;0.24;;RN;19748;2.91;10.22;;;;;
ZM;Mayotte;;92586;51572;55.7;41014;44.3;1246;1.35;3.04;1758;1.9;4.29;38010;41.05;92.68;DVG;5349;5.78;14.07;0;DIV;6949;7.51;18.28;;ENS;5292;5.72;13.92;;DVC;9048;9.77;23.8;;LR;9357;10.11;24.62;;DVD;1448;1.56;3.81;;RN;567;0.61;1.49;;;;;;;;;;;;;;;;;;;;;;;;;;;;;;;;;;;;;;;;
ZN;Nouvelle-Calédonie;;219162;147912;67.49;71250;32.51;1201;0.55;1.69;499;0.23;0.7;69550;31.73;97.61;DIV;313;0.14;0.45;0;REG;20897;9.53;30.05;;ENS;25534;11.65;36.71;;DVC;2475;1.13;3.56;;LR;12860;5.87;18.49;;DVD;2816;1.28;4.05;;DSV;1114;0.51;1.6;;RN;3541;1.62;5.09;;;;;;;;;;;;;;;;;;;;;;;;;;;;;;;;;;;
ZP;Polynésie française;;206297;119320;57.84;86977;42.16;767;0.37;0.88;684;0.33;0.79;85526;41.46;98.33;DXG;86;0.04;0.1;0;ECO;2477;1.2;2.9;;DIV;747;0.36;0.87;;REG;27364;13.26;31.99;;ENS;30758;14.91;35.96;;DVD;23409;11.35;27.37;;DSV;123;0.06;0.14;;RN;562;0.27;0.66;;;;;;;;;;;;;;;;;;;;;;;;;;;;;;;;;;;
ZS;Saint-Pierre-et-Miquelon;;5053;2352;46.55;2701;53.45;38;0.75;1.41;20;0.4;0.74;2643;52.31;97.85;DVG;1314;26;49.72;0;DIV;473;9.36;17.9;;DVD;856;16.94;32.39;;;;;;;;;;;;;;;;;;;;;;;;;;;;;;;;;;;;;;;;;;;;;;;;;;;;;;;;;;;;
ZW;Wallis et Futuna;;9592;2089;21.78;7503;78.22;34;0.35;0.45;29;0.3;0.39;7440;77.56;99.16;DVG;1061;11.06;14.26;0;ECO;922;9.61;12.39;;DVC;5457;56.89;73.35;;;;;;;;;;;;;;;;;;;;;;;;;;;;;;;;;;;;;;;;;;;;;;;;;;;;;;;;;;;;
ZX;Saint-Martin/Saint-Barthélemy;;24563;19344;78.75;5219;21.25;107;0.44;2.05;51;0.21;0.98;5061;20.6;96.97;DIV;304;1.24;6.01;0;REG;199;0.81;3.93;;DVC;2383;9.7;47.09;;LR;330;1.34;6.52;;DVD;1398;5.69;27.62;;REC;447;1.82;8.83;;;;;;;;;;;;;;;;;;;;;;;;;;;;;;;;;;;;;;;;;;;;;
ZZ;Français établis hors de France;;1446633;1120925;77.49;325708;22.51;3461;0.24;1.06;449;0.03;0.14;321798;22.24;98.8;RDG;310;0.02;0.1;0;NUP;91576;6.33;28.46;;DVG;6968;0.48;2.17;;ECO;8669;0.6;2.69;;DIV;13607;0.94;4.23;;REG;641;0.04;0.2;;ENS;109917;7.6;34.16;;DVC;24944;1.72;7.75;;UDI;4572;0.32;1.42;;LR;19314;1.34;6;;DVD;12874;0.89;4;;DSV;1533;0.11;0.48;;REC;18948;1.31;5.89;;RN;7824;0.54;2.43;;DXD;101;0.01;0.03
